subgroup,auc(95%CI),threshold,specificity,sensitivity,youden,variable,auc(95%CI)
RF+/CCP-vs non_RF+/CCP-,0.495(0.267-0.722),0.423,0.361,0.75,0.111,CCCCCCC,0.495
RF+/CCP-vs non_RF+/CCP-,0.575(0.345-0.805),0.19,0.863,0.375,0.238,TCCCCCC,0.575
RF+/CCP-vs non_RF+/CCP-,0.615(0.376-0.855),0.036,0.708,0.625,0.333,TTTTTTT,0.615
RF+/CCP-vs non_RF+/CCP-,0.479(0.262-0.696),0.024,0.433,0.75,0.183,TTCCCCC,0.479
RF+/CCP-vs non_RF+/CCP-,0.605(0.406-0.803),0.021,0.365,0.875,0.24,CCCTCCC,0.605
RF+/CCP-vs non_RF+/CCP-,0.496(0.278-0.714),0.032,0.112,1,0.112,TTTTTCC,0.496
RF+/CCP-vs non_RF+/CCP-,0.548(0.337-0.759),0.018,0.464,0.75,0.214,CTCCCCC,0.548
RF+/CCP-vs non_RF+/CCP-,0.617(0.479-0.755),0.015,0.365,1,0.365,CCTCCCC,0.617
RF+/CCP-vs non_RF+/CCP-,0.588(0.355-0.822),0.012,0.691,0.625,0.316,TTTTCCC,0.588
RF+/CCP-vs non_RF+/CCP-,0.524(0.265-0.783),0.019,0.73,0.5,0.23,TCCTCCC,0.524
RF+/CCP-vs non_RF+/CCP-,0.616(0.366-0.866),0.011,0.665,0.625,0.29,TCTCCCC,0.616
RF+/CCP-vs non_RF+/CCP-,0.532(0.327-0.737),0.009,0.627,0.625,0.252,TTTTTTC,0.532
RF+/CCP-vs non_RF+/CCP-,0.557(0.352-0.763),0.013,0.558,0.625,0.183,CCCCCCT,0.557
RF+/CCP-vs non_RF+/CCP-,0.592(0.374-0.81),0.006,0.824,0.375,0.199,CCCCCTC,0.592
RF+/CCP-vs non_RF+/CCP-,0.577(0.353-0.801),0.001,0.73,0.5,0.23,TTTCTCC,0.577
RF-/CCP+vs non_RF-/CCP+,0.524(0.401-0.646),0.384,0.866,0.25,0.116,CCCCCCC,0.524
RF-/CCP+vs non_RF-/CCP+,0.564(0.466-0.662),0.21,0.502,0.75,0.252,TCCCCCC,0.564
RF-/CCP+vs non_RF-/CCP+,0.54(0.414-0.667),0.032,0.618,0.583,0.201,TTTTTTT,0.54
RF-/CCP+vs non_RF-/CCP+,0.589(0.465-0.713),0.021,0.751,0.5,0.251,TTCCCCC,0.589
RF-/CCP+vs non_RF-/CCP+,0.54(0.414-0.665),0.025,0.567,0.583,0.15,CCCTCCC,0.54
RF-/CCP+vs non_RF-/CCP+,0.554(0.422-0.685),0.012,0.71,0.458,0.168,TTTTTCC,0.554
RF-/CCP+vs non_RF-/CCP+,0.536(0.407-0.665),0.018,0.604,0.542,0.145,CTCCCCC,0.536
RF-/CCP+vs non_RF-/CCP+,0.54(0.412-0.668),0.018,0.594,0.583,0.178,CCTCCCC,0.54
RF-/CCP+vs non_RF-/CCP+,0.543(0.43-0.655),0.014,0.401,0.75,0.151,TTTTCCC,0.543
RF-/CCP+vs non_RF-/CCP+,0.486(0.381-0.592),0.013,0.286,0.833,0.119,TCCTCCC,0.486
RF-/CCP+vs non_RF-/CCP+,0.531(0.416-0.646),0.01,0.304,0.833,0.137,TCTCCCC,0.531
RF-/CCP+vs non_RF-/CCP+,0.561(0.446-0.676),0.011,0.47,0.75,0.22,TTTTTTC,0.561
RF-/CCP+vs non_RF-/CCP+,0.542(0.413-0.671),0.015,0.751,0.458,0.209,CCCCCCT,0.542
RF-/CCP+vs non_RF-/CCP+,0.525(0.412-0.639),0.012,0.171,1,0.171,CCCCCTC,0.525
RF-/CCP+vs non_RF-/CCP+,0.455(0.336-0.573),0.002,0.493,0.542,0.035,TTTCTCC,0.455
RF+/CCP+vs non_RF+/CCP+,0.506(0.424-0.589),0.434,0.651,0.444,0.095,CCCCCCC,0.506
RF+/CCP+vs non_RF+/CCP+,0.5(0.421-0.58),0.187,0.937,0.135,0.071,TCCCCCC,0.5
RF+/CCP+vs non_RF+/CCP+,0.592(0.507-0.677),0.033,0.54,0.68,0.219,TTTTTTT,0.592
RF+/CCP+vs non_RF+/CCP+,0.599(0.518-0.679),0.028,0.778,0.427,0.205,TTCCCCC,0.599
RF+/CCP+vs non_RF+/CCP+,0.502(0.419-0.586),0.028,0.81,0.258,0.068,CCCTCCC,0.502
RF+/CCP+vs non_RF+/CCP+,0.486(0.404-0.569),0.012,0.762,0.275,0.037,TTTTTCC,0.486
RF+/CCP+vs non_RF+/CCP+,0.526(0.444-0.608),0.017,0.794,0.337,0.131,CTCCCCC,0.526
RF+/CCP+vs non_RF+/CCP+,0.529(0.449-0.609),0.023,0.968,0.135,0.103,CCTCCCC,0.529
RF+/CCP+vs non_RF+/CCP+,0.527(0.447-0.607),0.01,0.857,0.236,0.093,TTTTCCC,0.527
RF+/CCP+vs non_RF+/CCP+,0.496(0.414-0.577),0.01,0.937,0.124,0.06,TCCTCCC,0.496
RF+/CCP+vs non_RF+/CCP+,0.519(0.435-0.603),0.011,0.429,0.64,0.069,TCTCCCC,0.519
RF+/CCP+vs non_RF+/CCP+,0.566(0.485-0.648),0.008,0.778,0.371,0.149,TTTTTTC,0.566
RF+/CCP+vs non_RF+/CCP+,0.533(0.451-0.614),0.009,0.841,0.275,0.117,CCCCCCT,0.533
RF+/CCP+vs non_RF+/CCP+,0.515(0.434-0.596),0.011,0.762,0.343,0.105,CCCCCTC,0.515
RF+/CCP+vs non_RF+/CCP+,0.574(0.491-0.658),0.002,0.571,0.607,0.178,TTTCTCC,0.574
RF-/CCP-vs non_RF-/CCP-,0.592(0.427-0.757),0.404,0.761,0.455,0.215,CCCCCCC,0.592
RF-/CCP-vs non_RF-/CCP-,0.528(0.327-0.729),0.204,0.635,0.545,0.18,TCCCCCC,0.528
RF-/CCP-vs non_RF-/CCP-,0.671(0.483-0.858),0.049,0.896,0.455,0.35,TTTTTTT,0.671
RF-/CCP-vs non_RF-/CCP-,0.56(0.395-0.724),0.026,0.461,0.818,0.279,TTCCCCC,0.56
RF-/CCP-vs non_RF-/CCP-,0.629(0.423-0.835),0.018,0.861,0.455,0.315,CCCTCCC,0.629
RF-/CCP-vs non_RF-/CCP-,0.614(0.431-0.798),0.021,0.67,0.636,0.306,TTTTTCC,0.614
RF-/CCP-vs non_RF-/CCP-,0.494(0.308-0.679),0.019,0.53,0.636,0.167,CTCCCCC,0.494
RF-/CCP-vs non_RF-/CCP-,0.696(0.557-0.835),0.017,0.57,0.909,0.479,CCTCCCC,0.696
RF-/CCP-vs non_RF-/CCP-,0.726(0.61-0.843),0.017,0.635,0.909,0.544,TTTTCCC,0.726
RF-/CCP-vs non_RF-/CCP-,0.604(0.425-0.784),0.018,0.678,0.545,0.224,TCCTCCC,0.604
RF-/CCP-vs non_RF-/CCP-,0.499(0.285-0.713),0.02,0.939,0.273,0.212,TCTCCCC,0.499
RF-/CCP-vs non_RF-/CCP-,0.623(0.457-0.79),0.017,0.739,0.545,0.285,TTTTTTC,0.623
RF-/CCP-vs non_RF-/CCP-,0.611(0.469-0.753),0.011,0.596,0.727,0.323,CCCCCCT,0.611
RF-/CCP-vs non_RF-/CCP-,0.543(0.379-0.707),0.009,0.5,0.727,0.227,CCCCCTC,0.543
RF-/CCP-vs non_RF-/CCP-,0.658(0.475-0.842),0.001,0.761,0.636,0.397,TTTCTCC,0.658
RA vs non_RA,0.722(0.653-0.791),0.438,0.8,0.564,0.364,CCCCCCC,0.722
RA vs non_RA,0.558(0.477-0.639),0.2,0.833,0.32,0.153,TCCCCCC,0.558
RA vs non_RA,0.674(0.594-0.755),0.034,0.7,0.639,0.339,TTTTTTT,0.674
RA vs non_RA,0.657(0.578-0.735),0.03,0.55,0.718,0.268,TTCCCCC,0.657
RA vs non_RA,0.601(0.525-0.677),0.023,0.633,0.552,0.185,CCCTCCC,0.601
RA vs non_RA,0.675(0.603-0.748),0.018,0.717,0.581,0.298,TTTTTCC,0.675
RA vs non_RA,0.59(0.513-0.667),0.018,0.6,0.606,0.206,CTCCCCC,0.59
RA vs non_RA,0.56(0.484-0.636),0.018,0.767,0.432,0.198,CCTCCCC,0.56
RA vs non_RA,0.641(0.566-0.716),0.017,0.683,0.598,0.281,TTTTCCC,0.641
RA vs non_RA,0.485(0.398-0.571),0.01,0.133,0.929,0.063,TCCTCCC,0.485
RA vs non_RA,0.542(0.468-0.616),0.017,0.933,0.232,0.166,TCTCCCC,0.542
RA vs non_RA,0.608(0.531-0.685),0.01,0.817,0.415,0.232,TTTTTTC,0.608
RA vs non_RA,0.587(0.51-0.665),0.011,0.6,0.589,0.189,CCCCCCT,0.587
RA vs non_RA,0.579(0.489-0.669),0.007,0.467,0.763,0.23,CCCCCTC,0.579
RA vs non_RA,0.582(0.501-0.663),0.003,0.467,0.701,0.168,TTTCTCC,0.582
